idk,cyclopolis-arxaiaolympia,37641970,cyclopolis-arxaiaolympia,http://api.citybik.es/cyclopolis-arxaiaolympia.json,20000,21624726,0
idk,cyclopolis-kiato,38013267,cyclopolis-kiato,http://api.citybik.es/cyclopolis-kiato.json,20000,22749381,1
Pau,idecycle,43295100,idecycle,http://api.citybik.es/idecycle.json,20000,-370797,2
Palma,bicipalma,39571190,bicipalma,http://api.citybik.es/bicipalma.json,20000,2646634,3
Lille,vlille,50629250,vlille,http://api.citybik.es/vlille.json,20000,3057256,4
Rhodes,cyclopolis-rhodes,36450911,cyclopolis-rhodes,http://api.citybik.es/cyclopolis-rhodes.json,20000,28224696,5
idk,cyclopolis-moschatotavros,37953899,cyclopolis-moschatotavros,http://api.citybik.es/cyclopolis-moschatotavros.json,20000,23682474,6
Limnos,cyclopolis-limnos,39874786,cyclopolis-limnos,http://api.citybik.es/cyclopolis-limnos.json,20000,25058672,7
Maroussi,cyclopolis-nafplio,37563939,cyclopolis-nafplio,http://api.citybik.es/cyclopolis-nafplio.json,20000,22809340,8
"Miami Beach, FL",decobike-miami-beach,25790654,decobike-miami-beach,http://api.citybik.es/decobike-miami-beach.json,20000,-80130045,9
Maroussi,cyclopolis-aigialeia,38251110,cyclopolis-aigialeia,http://api.citybik.es/cyclopolis-aigialeia.json,20000,22082157,10
Marathon,cyclopolis-marathon,38085568,cyclopolis-marathon,http://api.citybik.es/cyclopolis-marathon.json,20000,23977638,11
idk,bicileon,42598726,bicileon,http://api.citybik.es/bicileon.json,20000,-5567095,12
Maroussi,cyclopolis-maroussi,38056872,cyclopolis-maroussi,http://api.citybik.es/cyclopolis-maroussi.json,20000,23808329,13
idk,cyclopolis-neasmyrni,37938100,cyclopolis-neasmyrni,http://api.citybik.es/cyclopolis-neasmyrni.json,20000,23712600,14
Florina,cyclopolis-florina,40801611,cyclopolis-florina,http://api.citybik.es/cyclopolis-florina.json,20000,21424522,15
"San Diego, CA",decobike-san-diego,32715738,decobike-san-diego,http://api.citybik.es/decobike-san-diego.json,20000,-117161083,16
Siena,bicincitta-siena,43318600,bicincitta-siena,http://api.citybik.es/bicincitta-siena.json,20000,11330600,17
Parco dei Colli di Bergamo,bicincitta-parco-dei-colli-di-bergamo,45722956,bicincitta-parco-dei-colli-di-bergamo,http://api.citybik.es/bicincitta-parco-dei-colli-di-bergamo.json,20000,9649230,18
Mantova,bicincitta-mantova,45158663,bicincitta-mantova,http://api.citybik.es/bicincitta-mantova.json,20000,10783718,19
Assemini,bicincitta-assemini,39289563,bicincitta-assemini,http://api.citybik.es/bicincitta-assemini.json,20000,9006601,20
idk,bicincitta-tortoli,39926644,bicincitta-tortoli,http://api.citybik.es/bicincitta-tortoli.json,20000,9654953,21
Gaeta,bicincitta-gaeta,41209620,bicincitta-gaeta,http://api.citybik.es/bicincitta-gaeta.json,20000,13584335,22
Borgarello,bicincitta-borgarello,45239637,bicincitta-borgarello,http://api.citybik.es/bicincitta-borgarello.json,20000,9136150,23
Pizzighettone e Formigara,bicincitta-pizzighettone-formigara,45186748,bicincitta-pizzighettone-formigara,http://api.citybik.es/bicincitta-pizzighettone-formigara.json,20000,9778087,24
Montecatini Terme,bicincitta-montecatini-terme,43883627,bicincitta-montecatini-terme,http://api.citybik.es/bicincitta-montecatini-terme.json,20000,10764385,25
Carrara,bicincitta-carrara,44077318,bicincitta-carrara,http://api.citybik.es/bicincitta-carrara.json,20000,10097172,26
Cernobbio,bicincitta-cernobbio,45837459,bicincitta-cernobbio,http://api.citybik.es/bicincitta-cernobbio.json,20000,9073591,27
Sestri Levante - Lavagna,tigullionbike,44272554,tigullionbike,http://api.citybik.es/tigullionbike.json,20000,9395714,28
Ascoli Piceno,ascoli-piceno,42850000,ascoli-piceno,http://api.citybik.es/ascoli-piceno.json,20000,13583333,29
Santa Margherita Ligure - Portofino - Camogli,portofino-park-and-bike,44335084,portofino-park-and-bike,http://api.citybik.es/portofino-park-and-bike.json,20000,9211264,30
Arezzo,arbike,43473333,arbike,http://api.citybik.es/arbike.json,20000,11870000,31
Bergamo,bigi,45695000,bigi,http://api.citybik.es/bigi.json,20000,9670000,32
Busto Arsizio,bici-in-busto,45610555,bici-in-busto,http://api.citybik.es/bici-in-busto.json,20000,8852062,33
Biella,biella,45577500,biella,http://api.citybik.es/biella.json,20000,8051111,34
Cernusco sul Naviglio - Pioltello - Carugate,meglio-in-bici,45520541,meglio-in-bici,http://api.citybik.es/meglio-in-bici.json,20000,9341984,35
Cuneo,cuneo,44384238,cuneo,http://api.citybik.es/cuneo.json,20000,7541428,36
Lecco,lecco,45853554,lecco,http://api.citybik.es/lecco.json,20000,9392366,37
Frosinone,free-bike-sharing,41645081,free-bike-sharing,http://api.citybik.es/free-bike-sharing.json,20000,13342123,38
Bath,bike-in-bath,51381531,bike-in-bath,http://api.citybik.es/bike-in-bath.json,20000,-2362404,39
Manerba del Garda,manerba-in-bici,45561179,manerba-in-bici,http://api.citybik.es/manerba-in-bici.json,20000,10559406,40
Novara,novara,45445740,novara,http://api.citybik.es/novara.json,20000,8622165,41
Padova,goodbike,45406434,goodbike,http://api.citybik.es/goodbike.json,20000,11876761,42
Marciana Marina,mar-e-bici,42805855,mar-e-bici,http://api.citybik.es/mar-e-bici.json,20000,10196514,43
idk,parkinbici,41833502,parkinbici,http://api.citybik.es/parkinbici.json,20000,16037292,44
Parma,parma,44801485,parma,http://api.citybik.es/parma.json,20000,10327903,45
Pavia,pavia-in-bici,45184724,pavia-in-bici,http://api.citybik.es/pavia-in-bici.json,20000,9158206,46
Perugia,bici-perugia,43110716,bici-perugia,http://api.citybik.es/bici-perugia.json,20000,12390827,47
Piacenza,piacenza,45047375,piacenza,http://api.citybik.es/piacenza.json,20000,9686581,48
Reggio Emilia,reggio-emilia,44698993,reggio-emilia,http://api.citybik.es/reggio-emilia.json,20000,10629685,49
Pinerolo,pinerolo,44885025,pinerolo,http://api.citybik.es/pinerolo.json,20000,7349995,50
Rimini,rimini,44057081,rimini,http://api.citybik.es/rimini.json,20000,12564600,51
Schio,bicischio,45717051,bicischio,http://api.citybik.es/bicischio.json,20000,11359770,52
Saluzzo,saluzzo,44644540,saluzzo,http://api.citybik.es/saluzzo.json,20000,7492735,53
Savigliano,savigliano,44647032,savigliano,http://api.citybik.es/savigliano.json,20000,7662463,54
Terni,terni,42563616,terni,http://api.citybik.es/terni.json,20000,12642660,55
Tirano,tirano-in-bici,46216168,tirano-in-bici,http://api.citybik.es/tirano-in-bici.json,20000,10169605,56
Udine,udine,46071066,udine,http://api.citybik.es/udine.json,20000,13234579,57
Ustica,ustica,38703117,ustica,http://api.citybik.es/ustica.json,20000,13168267,58
Como,bici-co,45808059,bici-co,http://api.citybik.es/bici-co.json,20000,9085176,59
Venezia,venezia,45440847,venezia,http://api.citybik.es/venezia.json,20000,12315515,60
La Spezia,speziainbici,44102450,speziainbici,http://api.citybik.es/speziainbici.json,20000,9824082,61
Torino,to-bike,45070982,to-bike,http://api.citybik.es/to-bike.json,20000,7685676,62
Pisa,ciclopi,43722838,ciclopi,http://api.citybik.es/ciclopi.json,20000,10401688,63
Cagliari,cagliari,39220817,cagliari,http://api.citybik.es/cagliari.json,20000,9121399,64
Varese,gimme-bike,45818390,gimme-bike,http://api.citybik.es/gimme-bike.json,20000,8823913,65
Sellero,sellero,46063047,sellero,http://api.citybik.es/sellero.json,20000,10353434,66
Ugento,ugento,39927351,ugento,http://api.citybik.es/ugento.json,20000,18158296,67
Civitavecchia,civitavecchia,42093752,civitavecchia,http://api.citybik.es/civitavecchia.json,20000,11792246,68
Prata Camportaccio,prata-camportaccio,46304214,prata-camportaccio,http://api.citybik.es/prata-camportaccio.json,20000,9396491,69
Barcellona Pozzo di Gotto,longanoinbici,38149812,longanoinbici,http://api.citybik.es/longanoinbici.json,20000,15212116,70
Cassano d'Adda,cassano-d-adda,45530961,cassano-d-adda,http://api.citybik.es/cassano-d-adda.json,20000,9515581,71
Rieti,rietinbici,42402623,rietinbici,http://api.citybik.es/rietinbici.json,20000,12860999,72
Bianzone,bianzone-in-bici,46188197,bianzone-in-bici,http://api.citybik.es/bianzone-in-bici.json,20000,10109354,73
Lecce,lecce,40350403,lecce,http://api.citybik.es/lecce.json,20000,18177824,74
Castellucchio,castellucchio,45150478,castellucchio,http://api.citybik.es/castellucchio.json,20000,10651202,75
Noto,notoinbici,36889437,notoinbici,http://api.citybik.es/notoinbici.json,20000,15074658,76
Enna,enna,37563425,enna,http://api.citybik.es/enna.json,20000,14279737,77
Carbonia,carbonia,39167222,carbonia,http://api.citybik.es/carbonia.json,20000,8522222,78
Genova,mobike,44404300,mobike,http://api.citybik.es/mobike.json,20000,8929089,79
Pordenone,pordenone,45947901,pordenone,http://api.citybik.es/pordenone.json,20000,12674491,80
Trento,e-motion-trento,46066432,e-motion-trento,http://api.citybik.es/e-motion-trento.json,20000,11122145,81
Cremona,scegli-in-bici,45134914,scegli-in-bici,http://api.citybik.es/scegli-in-bici.json,20000,10022264,82
Pergine Valsugana,e-motion-pergine-valsugana,46060504,e-motion-pergine-valsugana,http://api.citybik.es/e-motion-pergine-valsugana.json,20000,11239041,83
Rovereto,e-motion-rovereto,45887106,e-motion-rovereto,http://api.citybik.es/e-motion-rovereto.json,20000,11042242,84
Provincia di Lodi,we-love-bike,45124954,we-love-bike,http://api.citybik.es/we-love-bike.json,20000,9651688,85
Monopoli,monopoli-bike,40945191,monopoli-bike,http://api.citybik.es/monopoli-bike.json,20000,17311687,86
Quartucciu,bicinquartucciu,39250431,bicinquartucciu,http://api.citybik.es/bicinquartucciu.json,20000,9179296,87
Andria,andria,41224346,andria,http://api.citybik.es/andria.json,20000,16296983,88
Olbia,olbia-bike,40924054,olbia-bike,http://api.citybik.es/olbia-bike.json,20000,9499439,89
Bassano del Grappa,bassanodelgrappa,45768611,bassanodelgrappa,http://api.citybik.es/bassanodelgrappa.json,20000,11736667,90
Savona,savona,44295164,savona,http://api.citybik.es/savona.json,20000,8463126,91
Tradate,tradate,45709385,tradate,http://api.citybik.es/tradate.json,20000,8915993,92
Brindisi,brindisi,40637580,brindisi,http://api.citybik.es/brindisi.json,20000,17940774,93
Alba,alba,44716667,alba,http://api.citybik.es/alba.json,20000,8083333,94
Bari,bariinbici,41125278,bariinbici,http://api.citybik.es/bariinbici.json,20000,16866667,95
Bra,bra,44694224,bra,http://api.citybik.es/bra.json,20000,7854795,96
Casalmaggiore,casalmaggiore,44983499,casalmaggiore,http://api.citybik.es/casalmaggiore.json,20000,10419245,97
idk,biciamo,45736260,biciamo,http://api.citybik.es/biciamo.json,20000,9125690,98
Chivasso,chivasso,45189765,chivasso,http://api.citybik.es/chivasso.json,20000,7888935,99
Jesi,jesinbici,43522601,jesinbici,http://api.citybik.es/jesinbici.json,20000,13244448,100
Santa Maria Maggiore - Malesco - Villette,ossola,46127196,ossola,http://api.citybik.es/ossola.json,20000,8499169,101
Novi Ligure,noviligure,44762004,noviligure,http://api.citybik.es/noviligure.json,20000,8785895,102
Pamplona,nbici,42811663,nbici,http://api.citybik.es/nbici.json,20000,-1648265,103
Oderzo,oderzo,45779764,oderzo,http://api.citybik.es/oderzo.json,20000,12497311,104
Pistoia,pistoiainbici,43930347,pistoiainbici,http://api.citybik.es/pistoiainbici.json,20000,10907858,105
Treviso,treviso,45666901,treviso,http://api.citybik.es/treviso.json,20000,12243039,106
Pontedera,pontedera,43662515,pontedera,http://api.citybik.es/pontedera.json,20000,10636358,107
Prato,prato,43877704,prato,http://api.citybik.es/prato.json,20000,11102228,108
idk,sandonadipiave,45633185,sandonadipiave,http://api.citybik.es/sandonadipiave.json,20000,12565429,109
Settimo Torinese,settimotorinese,45139586,settimotorinese,http://api.citybik.es/settimotorinese.json,20000,7770978,110
Siracusa,gobike,37075473,gobike,http://api.citybik.es/gobike.json,20000,15286586,111
Sondrio,sondrio,46169858,sondrio,http://api.citybik.es/sondrio.json,20000,9878767,112
Vercelli,vercelli,45320227,vercelli,http://api.citybik.es/vercelli.json,20000,8418573,113
Villorba,villorba,45741122,villorba,http://api.citybik.es/villorba.json,20000,12234384,114
Roma,roma-n-bike,41892916,roma-n-bike,http://api.citybik.es/roma-n-bike.json,20000,12482519,115
Bydgoszcz,bikeu-bra,53121930,bikeu-bra,http://api.citybik.es/bikeu-bra.json,20000,18000380,116
Szczecin,bikes-srm,53438056,bikes-srm,http://api.citybik.es/bikes-srm.json,20000,14542222,117
idk,bbbike,49822500,bbbike,http://api.citybik.es/bbbike.json,20000,19044444,118
Milano,bikemi,45465454,bikemi,http://api.citybik.es/bikemi.json,20000,9186516,119
Zaragoza,bizi,41648790,bizi,http://api.citybik.es/bizi.json,20000,-889581,120
Antwerpen,velo-antwerpen,51216667,velo-antwerpen,http://api.citybik.es/velo-antwerpen.json,20000,4400000,121
Barcelona,bicing,41385063,bicing,http://api.citybik.es/bicing.json,20000,2173403,122
idk,ecobici,19432607,ecobici,http://api.citybik.es/ecobici.json,20000,-99133208,123
Leipzig,nextbike-leipzig,51341500,nextbike-leipzig,http://api.citybik.es/nextbike-leipzig.json,20000,12362500,124
idk,nextbike-tubingen,48520300,nextbike-tubingen,http://api.citybik.es/nextbike-tubingen.json,20000,9055910,125
Luzern,nextbike-luzern,47047200,nextbike-luzern,http://api.citybik.es/nextbike-luzern.json,20000,8304460,126
idk,sixt-latvia-riga,56945300,sixt-latvia-riga,http://api.citybik.es/sixt-latvia-riga.json,20000,24103300,127
Dortmund,metropolradruhr-germany-dortmund,51514100,metropolradruhr-germany-dortmund,http://api.citybik.es/metropolradruhr-germany-dortmund.json,20000,7462550,128
Bochum,metropolradruhr-germany-bochum,51481300,metropolradruhr-germany-bochum,http://api.citybik.es/metropolradruhr-germany-bochum.json,20000,7213300,129
Essen,metropolradruhr-germany-essen,51442500,metropolradruhr-germany-essen,http://api.citybik.es/metropolradruhr-germany-essen.json,20000,7023010,130
Hamm,metropolradruhr-germany-hamm,51677500,metropolradruhr-germany-hamm,http://api.citybik.es/metropolradruhr-germany-hamm.json,20000,7848360,131
Bottrop,metropolradruhr-germany-bottrop,51526300,metropolradruhr-germany-bottrop,http://api.citybik.es/metropolradruhr-germany-bottrop.json,20000,6946110,132
Herne,metropolradruhr-germany-herne,51536300,metropolradruhr-germany-herne,http://api.citybik.es/metropolradruhr-germany-herne.json,20000,7214930,133
Gelsenkirchen,metropolradruhr-germany-gelsenkirchen,51540400,metropolradruhr-germany-gelsenkirchen,http://api.citybik.es/metropolradruhr-germany-gelsenkirchen.json,20000,7070390,134
Duisburg,metropolradruhr-germany-duisburg,51448700,metropolradruhr-germany-duisburg,http://api.citybik.es/metropolradruhr-germany-duisburg.json,20000,6775130,135
idk,metropolradruhr-germany-mulheim-a-d-r,51430800,metropolradruhr-germany-mulheim-a-d-r,http://api.citybik.es/metropolradruhr-germany-mulheim-a-d-r.json,20000,6874010,136
Oberhausen,metropolradruhr-germany-oberhausen,51493600,metropolradruhr-germany-oberhausen,http://api.citybik.es/metropolradruhr-germany-oberhausen.json,20000,6851690,137
idk,nextbike-munchen,48139200,nextbike-munchen,http://api.citybik.es/nextbike-munchen.json,20000,11579100,138
idk,sixt-latvia-jurmala,56973200,sixt-latvia-jurmala,http://api.citybik.es/sixt-latvia-jurmala.json,20000,23822500,139
Wachau,nextbike-wachau,48318800,nextbike-wachau,http://api.citybik.es/nextbike-wachau.json,20000,15416600,140
Tulln,nextbike-tulln,48326900,nextbike-tulln,http://api.citybik.es/nextbike-tulln.json,20000,16056899,141
Triestingtal,nextbike-triestingtal,47983500,nextbike-triestingtal,http://api.citybik.es/nextbike-triestingtal.json,20000,16081199,142
Thermenregion,nextbike-thermenregion,47989200,nextbike-thermenregion,http://api.citybik.es/nextbike-thermenregion.json,20000,16264600,143
Flensburg,nextbike-flensburg,54780400,nextbike-flensburg,http://api.citybik.es/nextbike-flensburg.json,20000,9435710,144
idk,nextbike-romerland,48090900,nextbike-romerland,http://api.citybik.es/nextbike-romerland.json,20000,16853000,145
idk,nextbike-obb-bahnhofe,48019300,nextbike-obb-bahnhofe,http://api.citybik.es/nextbike-obb-bahnhofe.json,20000,16309200,146
Offenburg,nextbike-offenburg,48472100,nextbike-offenburg,http://api.citybik.es/nextbike-offenburg.json,20000,7942430,147
Wr.Neustadt,nextbike-wr-neustadt,47822100,nextbike-wr-neustadt,http://api.citybik.es/nextbike-wr-neustadt.json,20000,16249800,148
Potsdam,nextbike-potsdam,52399700,nextbike-potsdam,http://api.citybik.es/nextbike-potsdam.json,20000,13067600,149
Bielefeld,nextbike-bielefeld,52025700,nextbike-bielefeld,http://api.citybik.es/nextbike-bielefeld.json,20000,8532860,150
idk,nextbike-gutersloh,51904900,nextbike-gutersloh,http://api.citybik.es/nextbike-gutersloh.json,20000,8392750,151
"Seattle, WA",pronto-cycle-share,47606209,pronto-cycle-share,http://api.citybik.es/pronto-cycle-share.json,20000,-122332071,152
Krems Ost,nextbike-krems-ost,48418300,nextbike-krems-ost,http://api.citybik.es/nextbike-krems-ost.json,20000,15690900,153
Unteres Traisental,nextbike-unteres-traisental,48334300,nextbike-unteres-traisental,http://api.citybik.es/nextbike-unteres-traisental.json,20000,15687800,154
Piestingtal,nextbike-piestingtal,47884100,nextbike-piestingtal,http://api.citybik.es/nextbike-piestingtal.json,20000,15946700,155
Marchfeld,nextbike-marchfeld,48274100,nextbike-marchfeld,http://api.citybik.es/nextbike-marchfeld.json,20000,16711600,156
10vorWien,nextbike-10vorwien,48346200,nextbike-10vorwien,http://api.citybik.es/nextbike-10vorwien.json,20000,16273499,157
Usedom,usedomrad-germany-usedom,53977900,usedomrad-germany-usedom,http://api.citybik.es/usedomrad-germany-usedom.json,20000,13992500,158
Augsburg,nextbike-augsburg,48364700,nextbike-augsburg,http://api.citybik.es/nextbike-augsburg.json,20000,10891600,159
idk,nextbike-traisen-golsental,47950400,nextbike-traisen-golsental,http://api.citybik.es/nextbike-traisen-golsental.json,20000,15612900,160
Konya,nextbike-konya,37871500,nextbike-konya,http://api.citybik.es/nextbike-konya.json,20000,32495700,161
Norderstedt,nextbike-norderstedt,53696900,nextbike-norderstedt,http://api.citybik.es/nextbike-norderstedt.json,20000,10002000,162
Laa an der Thaya,nextbike-laa-an-der-thaya,48719600,nextbike-laa-an-der-thaya,http://api.citybik.es/nextbike-laa-an-der-thaya.json,20000,16387799,163
idk,nextbike-sudheide,48107700,nextbike-sudheide,http://api.citybik.es/nextbike-sudheide.json,20000,16393699,164
Limassol,nextbike-limassol,34682300,nextbike-limassol,http://api.citybik.es/nextbike-limassol.json,20000,33046400,165
Oberes Ybbstal,nextbike-oberes-ybbstal,47820500,nextbike-oberes-ybbstal,http://api.citybik.es/nextbike-oberes-ybbstal.json,20000,15007300,166
Heidelberg,nextbike-heidelberg,49411300,nextbike-heidelberg,http://api.citybik.es/nextbike-heidelberg.json,20000,8689330,167
Christchurch,nextbike-christchurch,-43534100,nextbike-christchurch,http://api.citybik.es/nextbike-christchurch.json,20000,172621000,168
Innsbruck,stadtrad-innsbruck-innsbruck,47263200,stadtrad-innsbruck-innsbruck,http://api.citybik.es/stadtrad-innsbruck-innsbruck.json,20000,11396100,169
Mannheim,nextbike-mannheim,49462100,nextbike-mannheim,http://api.citybik.es/nextbike-mannheim.json,20000,8490540,170
Tullnerfeld West,nextbike-tullnerfeld-west,48299400,nextbike-tullnerfeld-west,http://api.citybik.es/nextbike-tullnerfeld-west.json,20000,15906500,171
Berlin,nextbike-berlin,52508700,nextbike-berlin,http://api.citybik.es/nextbike-berlin.json,20000,13356300,172
Dresden,sz-bike-germany-dresden,51053500,sz-bike-germany-dresden,http://api.citybik.es/sz-bike-germany-dresden.json,20000,13738700,173
Karlsruhe,facherrad-germany-karlsruhe,49010200,facherrad-germany-karlsruhe,http://api.citybik.es/facherrad-germany-karlsruhe.json,20000,8418270,174
Hollabrunn,nextbike-hollabrunn,48562000,nextbike-hollabrunn,http://api.citybik.es/nextbike-hollabrunn.json,20000,16078499,175
WienerWald,nextbike-wienerwald,48191700,nextbike-wienerwald,http://api.citybik.es/nextbike-wienerwald.json,20000,16119700,176
Dobrich,nextbike-dobrich,43567000,nextbike-dobrich,http://api.citybik.es/nextbike-dobrich.json,20000,27828500,177
Dubai,bykystations-uae-dubai,25243500,bykystations-uae-dubai,http://api.citybik.es/bykystations-uae-dubai.json,20000,55272200,178
Zagreb,nextbike-zagreb,45798800,nextbike-zagreb,http://api.citybik.es/nextbike-zagreb.json,20000,15964300,179
Bietigheim-Bissingen,ebikestation-stuttgart-germany-bietigheim-bissingen,48949500,ebikestation-stuttgart-germany-bietigheim-bissingen,http://api.citybik.es/ebikestation-stuttgart-germany-bietigheim-bissingen.json,20000,9125180,180
NeusiedlerSee,nextbike-neusiedlersee,47839000,nextbike-neusiedlersee,http://api.citybik.es/nextbike-neusiedlersee.json,20000,16761000,181
Al Sharjah,bykystations-uae-al-sharjah,25219900,bykystations-uae-al-sharjah,http://api.citybik.es/bykystations-uae-al-sharjah.json,20000,55225500,182
Bath,nextbike-bath,51382000,nextbike-bath,http://api.citybik.es/nextbike-bath.json,20000,-2362750,183
Belfast,belfastbikes-belfast,54596900,belfastbikes-belfast,http://api.citybik.es/belfastbikes-belfast.json,20000,-5929180,184
Friedrichshafen,nextbike-friedrichshafen,47651900,nextbike-friedrichshafen,http://api.citybik.es/nextbike-friedrichshafen.json,20000,9478370,185
Glasgow,nextbike-glasgow,55858900,nextbike-glasgow,http://api.citybik.es/nextbike-glasgow.json,20000,-4255490,186
Stirling,nextbike-stirling,56116500,nextbike-stirling,http://api.citybik.es/nextbike-stirling.json,20000,-3936900,187
idk,bike-point-sibenik-sibenik,43733000,bike-point-sibenik-sibenik,http://api.citybik.es/bike-point-sibenik-sibenik.json,20000,15898200,188
Seferihisar,karbis-turkey-seferihisar,38196200,karbis-turkey-seferihisar,http://api.citybik.es/karbis-turkey-seferihisar.json,20000,26838600,189
Lublin,lrm-lublin-poland-lublin,51259700,lrm-lublin-poland-lublin,http://api.citybik.es/lrm-lublin-poland-lublin.json,20000,22565800,190
Grodzisk Mazowiecki,grm-grodzisk-poland-grodzisk-mazowiecki,52113000,grm-grodzisk-poland-grodzisk-mazowiecki,http://api.citybik.es/grm-grodzisk-poland-grodzisk-mazowiecki.json,20000,20626500,191
Pittsburgh,healthy-ride-pittsburgh-pittsburgh,40445900,healthy-ride-pittsburgh-pittsburgh,http://api.citybik.es/healthy-ride-pittsburgh-pittsburgh.json,20000,-79994500,192
Cambridge,nextbike-cambridge,-37891400,nextbike-cambridge,http://api.citybik.es/nextbike-cambridge.json,20000,175472000,193
Schwieberdingen,ebikestation-stuttgart-germany-schwieberdingen,48872300,ebikestation-stuttgart-germany-schwieberdingen,http://api.citybik.es/ebikestation-stuttgart-germany-schwieberdingen.json,20000,9074190,194
Quickborn,nextbike-quickborn,53733300,nextbike-quickborn,http://api.citybik.es/nextbike-quickborn.json,20000,9902720,195
Hoboken,hudsonbikeshare-hoboken,40744700,hudsonbikeshare-hoboken,http://api.citybik.es/hudsonbikeshare-hoboken.json,20000,-74034100,196
King Abdullah Economic City,ibike-saudi-arabia-king-abdullah-economic-city,22311300,ibike-saudi-arabia-king-abdullah-economic-city,http://api.citybik.es/ibike-saudi-arabia-king-abdullah-economic-city.json,20000,39103100,197
Speyer,nextbike-speyer,49312600,nextbike-speyer,http://api.citybik.es/nextbike-speyer.json,20000,8452950,198
idk,nextbike-wurzburg,49800000,nextbike-wurzburg,http://api.citybik.es/nextbike-wurzburg.json,20000,9933330,199
Ludwigshafen,nextbike-ludwigshafen,49474100,nextbike-ludwigshafen,http://api.citybik.es/nextbike-ludwigshafen.json,20000,8432870,200
Waiblingen,ebikestation-stuttgart-germany-waiblingen,48833300,ebikestation-stuttgart-germany-waiblingen,http://api.citybik.es/ebikestation-stuttgart-germany-waiblingen.json,20000,9316670,201
Vaihingen an der Enz,ebikestation-stuttgart-germany-vaihingen-an-der-enz,48933400,ebikestation-stuttgart-germany-vaihingen-an-der-enz,http://api.citybik.es/ebikestation-stuttgart-germany-vaihingen-an-der-enz.json,20000,8961210,202
West Palm Beach Florida,skybike-west-palm-beach-west-palm-beach-florida,26712500,skybike-west-palm-beach-west-palm-beach-florida,http://api.citybik.es/skybike-west-palm-beach-west-palm-beach-florida.json,20000,-80082100,203
Serfaus,nextbike-serfaus,47038700,nextbike-serfaus,http://api.citybik.es/nextbike-serfaus.json,20000,10604800,204
Herrenberg,ebikestation-stuttgart-germany-herrenberg,48595000,ebikestation-stuttgart-germany-herrenberg,http://api.citybik.es/ebikestation-stuttgart-germany-herrenberg.json,20000,8867160,205
idk,nextbike-gospic,44546900,nextbike-gospic,http://api.citybik.es/nextbike-gospic.json,20000,15375000,206
Kent State University,flashfleet-kent-state-university,41149100,flashfleet-kent-state-university,http://api.citybik.es/flashfleet-kent-state-university.json,20000,-81341500,207
idk,rower-gminny-poland-juchnowiec-koscielny,53092800,rower-gminny-poland-juchnowiec-koscielny,http://api.citybik.es/rower-gminny-poland-juchnowiec-koscielny.json,20000,23120400,208
Offenbach am Main,nextbike-offenbach-am-main,50109300,nextbike-offenbach-am-main,http://api.citybik.es/nextbike-offenbach-am-main.json,20000,8738250,209
Karlovac,nextbike-karlovac,45490500,nextbike-karlovac,http://api.citybik.es/nextbike-karlovac.json,20000,15550300,210
idk,nextbike-dusseldorf,51224300,nextbike-dusseldorf,http://api.citybik.es/nextbike-dusseldorf.json,20000,6772040,211
Magdeburg,nextbike-magdeburg,52126800,nextbike-magdeburg,http://api.citybik.es/nextbike-magdeburg.json,20000,11634200,212
Hamburg,nextbike-hamburg,53550600,nextbike-hamburg,http://api.citybik.es/nextbike-hamburg.json,20000,9990520,213
Auckland,nextbike-auckland,-36860300,nextbike-auckland,http://api.citybik.es/nextbike-auckland.json,20000,174763000,214
idk,nextbike-st-polten,48205800,nextbike-st-polten,http://api.citybik.es/nextbike-st-polten.json,20000,15623200,215
idk,nextbike-modling,48104700,nextbike-modling,http://api.citybik.es/nextbike-modling.json,20000,16320200,216
Frankfurt,nextbike-frankfurt,50107200,nextbike-frankfurt,http://api.citybik.es/nextbike-frankfurt.json,20000,8663750,217
Hannover,nextbike-hannover,52372100,nextbike-hannover,http://api.citybik.es/nextbike-hannover.json,20000,9735690,218
Budapest,bubi,47497912,bubi,http://api.citybik.es/bubi.json,20000,19040235,219
idk,norisbike-germany-nurnberg,49447900,norisbike-germany-nurnberg,http://api.citybik.es/norisbike-germany-nurnberg.json,20000,11081400,220
idk,kvb-rad,50936400,kvb-rad,http://api.citybik.es/kvb-rad.json,20000,6960530,221
Sursee,nextbike-sursee,47171300,nextbike-sursee,http://api.citybik.es/nextbike-sursee.json,20000,8108770,222
Warszawa,bemowo-bike,52260600,bemowo-bike,http://api.citybik.es/bemowo-bike.json,20000,20929000,223
idk,wroclawski-rower-miejski,51109700,wroclawski-rower-miejski,http://api.citybik.es/wroclawski-rower-miejski.json,20000,17048500,224
Opole,opole-bike,50664500,opole-bike,http://api.citybik.es/opole-bike.json,20000,17927600,225
idk,rower-trojmiejski,54434900,rower-trojmiejski,http://api.citybik.es/rower-trojmiejski.json,20000,18602600,226
idk,poznanski-rower-miejski,52411600,poznanski-rower-miejski,http://api.citybik.es/poznanski-rower-miejski.json,20000,16925800,227
Warszawa,veturilo,52234500,veturilo,http://api.citybik.es/veturilo.json,20000,21002400,228
idk,kmk-bike,50039500,kmk-bike,http://api.citybik.es/kmk-bike.json,20000,19937400,229
idk,biker-bialystok,53129900,biker-bialystok,http://api.citybik.es/biker-bialystok.json,20000,23156400,230
Konstancin,konstancinski-rower-miejski,52087900,konstancinski-rower-miejski,http://api.citybik.es/konstancinski-rower-miejski.json,20000,21107500,231
Katowice,city-by-bike,50253400,city-by-bike,http://api.citybik.es/city-by-bike.json,20000,19026600,232
"Montreal, QC",bixi-montreal,45508669,bixi-montreal,http://api.citybik.es/bixi-montreal.json,20000,-73553992,233
London,barclays-cycle-hire,51511213,barclays-cycle-hire,http://api.citybik.es/barclays-cycle-hire.json,20000,-119824,234
"Washington, DC",capital-bikeshare,38896758,capital-bikeshare,http://api.citybik.es/capital-bikeshare.json,20000,-77037016,235
"Chattanooga, TN",bike-chattanooga,35045629,bike-chattanooga,http://api.citybik.es/bike-chattanooga.json,20000,-85309680,236
"Minneapolis, MN",nice-ride,44983334,nice-ride,http://api.citybik.es/nice-ride.json,20000,-93266669,237
"Toronto, ON",bixi-toronto,43653226,bixi-toronto,http://api.citybik.es/bixi-toronto.json,20000,-79383184,238
Melbourne,melbourne-bike-share,-37814107,melbourne-bike-share,http://api.citybik.es/melbourne-bike-share.json,20000,144963280,239
"New York, NY",citi-bike-nyc,40714352,citi-bike-nyc,http://api.citybik.es/citi-bike-nyc.json,20000,-74005973,240
"San Francisco Bay Area, CA",bay-area-bike-share,37714145,bay-area-bike-share,http://api.citybik.es/bay-area-bike-share.json,20000,-122250000,241
"Chicago, IL",divvy,41878113,divvy,http://api.citybik.es/divvy.json,20000,-87629798,242
"Boston, MA",hubway,42358430,hubway,http://api.citybik.es/hubway.json,20000,-71059773,243
"Aspen, CO",we-cycle,39194951,we-cycle,http://api.citybik.es/we-cycle.json,20000,-106837002,244
Wien,citybike-wien,48208174,citybike-wien,http://api.citybik.es/citybike-wien.json,20000,16373818,245
"Columbus, OH",cogo,39983333,cogo,http://api.citybik.es/cogo.json,20000,-82983333,246
Girona,girocleta,41979400,girocleta,http://api.citybik.es/girocleta.json,20000,2821426,247
Kassel,konrad,51314886,konrad,http://api.citybik.es/konrad.json,20000,9460614,248
Darmstadt,callabike-darmstadt,49870713,callabike-darmstadt,http://api.citybik.es/callabike-darmstadt.json,20000,8652729,249
Berlin,callabike-berlin,52507541,callabike-berlin,http://api.citybik.es/callabike-berlin.json,20000,13425136,250
Frankfurt am Main,callabike-frankfurt,50121212,callabike-frankfurt,http://api.citybik.es/callabike-frankfurt.json,20000,8636563,251
Hamburg,stadtrad,53558572,stadtrad,http://api.citybik.es/stadtrad.json,20000,9927821,252
idk,callabike-koln,50957244,callabike-koln,http://api.citybik.es/callabike-koln.json,20000,6967322,253
Frankfurt am Main Airport,callabike-frankfurt-airport,50037933,callabike-frankfurt-airport,http://api.citybik.es/callabike-frankfurt-airport.json,20000,8562152,254
idk,callabike-luneburg,53239053,callabike-luneburg,http://api.citybik.es/callabike-luneburg.json,20000,10422639,255
Marburg,callabike-marburg,50798301,callabike-marburg,http://api.citybik.es/callabike-marburg.json,20000,8742813,256
idk,callabike-munchen,48154910,callabike-munchen,http://api.citybik.es/callabike-munchen.json,20000,11541835,257
idk,callabike-russelsheim,49982003,callabike-russelsheim,http://api.citybik.es/callabike-russelsheim.json,20000,8452839,258
Stuttgart,callabike-stuttgart,48779209,callabike-stuttgart,http://api.citybik.es/callabike-stuttgart.json,20000,9177215,259
Wiesbaden,callabike-wiesbaden,50072482,callabike-wiesbaden,http://api.citybik.es/callabike-wiesbaden.json,20000,8248353,260
Napoli,bike-sharing-napoli,40851774,bike-sharing-napoli,http://api.citybik.es/bike-sharing-napoli.json,20000,14268124,261
Rio de Janeiro,bikerio,-22904315,bikerio,http://api.citybik.es/bikerio.json,20000,-43184776,262
idk,bikesampa,-23550000,bikesampa,http://api.citybik.es/bikesampa.json,20000,-46633300,263
Belo Horizonte,bikebh,-19920793,bikebh,http://api.citybik.es/bikebh.json,20000,-43922165,264
Santos,bikesantos,-23954052,bikesantos,http://api.citybik.es/bikesantos.json,20000,-46333345,265
Sorocaba,bikesorocaba,-23501719,bikesorocaba,http://api.citybik.es/bikesorocaba.json,20000,-47450790,266
Petrolina,bikepetrolina,-9389049,bikepetrolina,http://api.citybik.es/bikepetrolina.json,20000,-40502751,267
Recife,bikerecife,-8047129,bikerecife,http://api.citybik.es/bikerecife.json,20000,-34873437,268
Salvador,bikesalvador,-12973959,bikesalvador,http://api.citybik.es/bikesalvador.json,20000,-38508171,269
idk,bikebrasilia,-15795115,bikebrasilia,http://api.citybik.es/bikebrasilia.json,20000,-47887424,270
Porto Alegre,bikepoa,-30033079,bikepoa,http://api.citybik.es/bikepoa.json,20000,-51236540,271
Fortaleza,bicicletar,-3732194,bicicletar,http://api.citybik.es/bicicletar.json,20000,-38510347,272
idk,cajubike,-10987263,cajubike,http://api.citybik.es/cajubike.json,20000,-37051898,273
"Boulder, CO",boulder,40014985,boulder,http://api.citybik.es/boulder.json,20000,-105270545,274
"Broward, FL",broward,26122308,broward,http://api.citybik.es/broward.json,20000,-80143378,275
"Charlotte, NC",charlotte,35227086,charlotte,http://api.citybik.es/charlotte.json,20000,-80843126,276
"Denver, CO",denver,39737567,denver,http://api.citybik.es/denver.json,20000,-104984717,277
"Des Moines, IA",desmoines,41600544,desmoines,http://api.citybik.es/desmoines.json,20000,-93609106,278
"Fort Worth, TX",fortworth,32725409,fortworth,http://api.citybik.es/fortworth.json,20000,-97320849,279
"Salt Lake City, UT",greenbikeslc,40760779,greenbikeslc,http://api.citybik.es/greenbikeslc.json,20000,-111891047,280
"Greenville, SC",greenville,34852617,greenville,http://api.citybik.es/greenville.json,20000,-82394010,281
"Houston, TX",houston,29760192,houston,http://api.citybik.es/houston.json,20000,-95369389,282
"Kansas City, MO",kansascity,39099726,kansascity,http://api.citybik.es/kansascity.json,20000,-94578566,283
"Madison, WI",madison,43073051,madison,http://api.citybik.es/madison.json,20000,-89401230,284
"Nashville, TN",nashville,36166666,nashville,http://api.citybik.es/nashville.json,20000,-86783333,285
"Omaha, NE",omaha,41252363,omaha,http://api.citybik.es/omaha.json,20000,-95997988,286
"San Antonio, TX",sanantonio,29424121,sanantonio,http://api.citybik.es/sanantonio.json,20000,-98493628,287
"Spartanburg, SC",spartanburg,34949567,spartanburg,http://api.citybik.es/spartanburg.json,20000,-81932048,288
"Austin, TX",austin,30267153,austin,http://api.citybik.es/austin.json,20000,-97743060,289
"Indianapolis, IN",indiana-pacers-bikeshare,39791000,indiana-pacers-bikeshare,http://api.citybik.es/indiana-pacers-bikeshare.json,20000,-86148000,290
Santiago,santiago,-33457000,santiago,http://api.citybik.es/santiago.json,20000,-70648000,291
"Evans, GA",columbia-county,33537500,columbia-county,http://api.citybik.es/columbia-county.json,20000,-82127778,292
"Milwaukee, WI",bublr-bikes,43050000,bublr-bikes,http://api.citybik.es/bublr-bikes.json,20000,-87950000,293
"Savannah, GA",catbike,32016667,catbike,http://api.citybik.es/catbike.json,20000,-81116667,294
"Rapid City, SD",rapid-city,44076000,rapid-city,http://api.citybik.es/rapid-city.json,20000,-103228000,295
Didymoteicho,easybike-didymoteicho,41350000,easybike-didymoteicho,http://api.citybik.es/easybike-didymoteicho.json,20000,26500000,296
Ioannina,easybike-ioannina,39663981,easybike-ioannina,http://api.citybik.es/easybike-ioannina.json,20000,20852278,297
Karditsa,easybike-karditsa,39363460,easybike-karditsa,http://api.citybik.es/easybike-karditsa.json,20000,21921119,298
Kavala,easybike-kavala,40936906,easybike-kavala,http://api.citybik.es/easybike-kavala.json,20000,24412216,299
Drapetsona,easybike-drapetsona,37949092,easybike-drapetsona,http://api.citybik.es/easybike-drapetsona.json,20000,23628259,300
Komotini,easybike-komotini,41117833,easybike-komotini,http://api.citybik.es/easybike-komotini.json,20000,25404130,301
Nafpaktos,easybike-nafpaktos,38392595,easybike-nafpaktos,http://api.citybik.es/easybike-nafpaktos.json,20000,21828763,302
Nicosia,easybike-nicosia,35173930,easybike-nicosia,http://api.citybik.es/easybike-nicosia.json,20000,33364725,303
Mani,easybike-mani,41409747,easybike-mani,http://api.citybik.es/easybike-mani.json,20000,26402495,304
Medellin,encicla,6254942,encicla,http://api.citybik.es/encicla.json,20000,-75567982,305
Thessaloniki,thessbike,40640316,thessbike,http://api.citybik.es/thessbike.json,20000,22935271,306
Rouen,cyclic,49443231,cyclic,http://api.citybik.es/cyclic.json,20000,1099971,307
Irakleio,easybike-irakleio,35338735,easybike-irakleio,http://api.citybik.es/easybike-irakleio.json,20000,25144213,308
Paris,velib,48856614,velib,http://api.citybik.es/velib.json,20000,2352221,309
Dublin,dublinbikes,53349805,dublinbikes,http://api.citybik.es/dublinbikes.json,20000,-6260309,310
Brisbane,citycycle,-27471010,citycycle,http://api.citybik.es/citycycle.json,20000,153023448,311
Luxembourg,veloh,49630102,veloh,http://api.citybik.es/veloh.json,20000,6152018,312
Toulouse,velo,43604652,velo,http://api.citybik.es/velo.json,20000,1444209,313
Valencia,valenbisi,39469907,valenbisi,http://api.citybik.es/valenbisi.json,20000,-376288,314
Stockholm,stockholm-cyclocity,59328930,stockholm-cyclocity,http://api.citybik.es/stockholm-cyclocity.json,20000,18064910,315
idk,goeteborg,57708870,goeteborg,http://api.citybik.es/goeteborg.json,20000,11974560,316
idk,bysykkel-lillestrom,59955969,bysykkel-lillestrom,http://api.citybik.es/bysykkel-lillestrom.json,20000,11050378,317
Amiens,velam,49894067,velam,http://api.citybik.es/velam.json,20000,2295753,318
Santander,tusbic,43462305,tusbic,http://api.citybik.es/tusbic.json,20000,-3809980,319
Lyon,velov,45764043,velov,http://api.citybik.es/velov.json,20000,4835659,320
Mulhouse,velocite-mulhouse,47750839,velocite-mulhouse,http://api.citybik.es/velocite-mulhouse.json,20000,7335888,321
Ljubljana,bicikelj,46056450,bicikelj,http://api.citybik.es/bicikelj.json,20000,14508070,322
Sevilla,sevici,37388096,sevici,http://api.citybik.es/sevici.json,20000,-5982329,323
Namur,li-bia-velo,50465328,li-bia-velo,http://api.citybik.es/li-bia-velo.json,20000,4867665,324
Nancy,velostanlib,48692054,velostanlib,http://api.citybik.es/velostanlib.json,20000,6184417,325
idk,cristolib,48790367,cristolib,http://api.citybik.es/cristolib.json,20000,2455572,326
Bruxelles,villo,50850339,villo,http://api.citybik.es/villo.json,20000,4351710,327
Cergy,velo2,49035616,velo2,http://api.citybik.es/velo2.json,20000,2060325,328
Vilnius,vilnius-cyclocity,54687155,vilnius-cyclocity,http://api.citybik.es/vilnius-cyclocity.json,20000,25279651,329
idk,toyama-cyclocity,36695951,toyama-cyclocity,http://api.citybik.es/toyama-cyclocity.json,20000,137213676,330
idk,velik,55794941,velik,http://api.citybik.es/velik.json,20000,49105044,331
Marseille,le-velo,43296482,le-velo,http://api.citybik.es/le-velo.json,20000,5369780,332
Nantes,bicloo,47218371,bicloo,http://api.citybik.es/bicloo.json,20000,-1553621,333
Buenos Aires,ecobici-buenos-aires,-34630665,ecobici-buenos-aires,http://api.citybik.es/ecobici-buenos-aires.json,20000,-58411560,334
idk,velocite-besancon,47237829,velocite-besancon,http://api.citybik.es/velocite-besancon.json,20000,6024053,335
Nice,velobleu,43695949,velobleu,http://api.citybik.es/velobleu.json,20000,7271413,336
Dunkerque,dkvelo,51038300,dkvelo,http://api.citybik.es/dkvelo.json,20000,2377500,337
Calais,vel-in,50950000,vel-in,http://api.citybik.es/vel-in.json,20000,1850000,338
Vannes,velocea,47655900,velocea,http://api.citybik.es/velocea.json,20000,-2760300,339
idk,onroll-a-rua,42392049,onroll-a-rua,http://api.citybik.es/onroll-a-rua.json,20000,-7114634,340
Albacete,onroll-albacete,38989130,onroll-albacete,http://api.citybik.es/onroll-albacete.json,20000,-1858485,341
idk,ciclosampa,-23550000,ciclosampa,http://api.citybik.es/ciclosampa.json,20000,-46633300,342
idk,onroll-almunecar,36735789,onroll-almunecar,http://api.citybik.es/onroll-almunecar.json,20000,-3688828,343
Aranjuez,onroll-aranjuez,40030970,onroll-aranjuez,http://api.citybik.es/onroll-aranjuez.json,20000,-3605742,344
Antequera,onroll-antequera,37018427,onroll-antequera,http://api.citybik.es/onroll-antequera.json,20000,-4563775,345
Alhama de Murcia,onroll-alhama-de-murcia,37849831,onroll-alhama-de-murcia,http://api.citybik.es/onroll-alhama-de-murcia.json,20000,-1424891,346
Aranda de Duero,onroll-aranda-de-duero,41667601,onroll-aranda-de-duero,http://api.citybik.es/onroll-aranda-de-duero.json,20000,-3689526,347
Badajoz,onroll-badajoz,38873627,onroll-badajoz,http://api.citybik.es/onroll-badajoz.json,20000,-6994510,348
Benidorm,onroll-benidorm,38541251,onroll-benidorm,http://api.citybik.es/onroll-benidorm.json,20000,-126808,349
Baeza,onroll-baeza,37995370,onroll-baeza,http://api.citybik.es/onroll-baeza.json,20000,-3468248,350
Blanca,onroll-blanca,38178195,onroll-blanca,http://api.citybik.es/onroll-blanca.json,20000,-1372402,351
Cieza,onroll-cieza,38239139,onroll-cieza,http://api.citybik.es/onroll-cieza.json,20000,-1417262,352
Ciudad Real,onroll-ciudad-real,38982864,onroll-ciudad-real,http://api.citybik.es/onroll-ciudad-real.json,20000,-3927068,353
Elche,onroll-elche,38266800,onroll-elche,http://api.citybik.es/onroll-elche.json,20000,-696217,354
Don Benito - Villanueva,onroll-don-benito-villanueva,38964699,onroll-don-benito-villanueva,http://api.citybik.es/onroll-don-benito-villanueva.json,20000,-5829693,355
El Campello,onroll-el-campello,38419616,onroll-el-campello,http://api.citybik.es/onroll-el-campello.json,20000,-398388,356
Guadalajara,onroll-guadalajara,40633021,onroll-guadalajara,http://api.citybik.es/onroll-guadalajara.json,20000,-3166097,357
idk,onroll-jaen,37777738,onroll-jaen,http://api.citybik.es/onroll-jaen.json,20000,-3790758,358
idk,onroll-lalin,42658626,onroll-lalin,http://api.citybik.es/onroll-lalin.json,20000,-8114976,359
Las Palmas de Gran Canaria,onroll-las-palmas,28124302,onroll-las-palmas,http://api.citybik.es/onroll-las-palmas.json,20000,-15425994,360
O Barco,onroll-o-barco,42413993,onroll-o-barco,http://api.citybik.es/onroll-o-barco.json,20000,-6982913,361
Montilla,onroll-montilla,37584151,onroll-montilla,http://api.citybik.es/onroll-montilla.json,20000,-4641359,362
Paiporta,onroll-paiporta,39427609,onroll-paiporta,http://api.citybik.es/onroll-paiporta.json,20000,-416876,363
Mula,onroll-mula,38040805,onroll-mula,http://api.citybik.es/onroll-mula.json,20000,-1497451,364
Novelda,onroll-novelda,38386447,onroll-novelda,http://api.citybik.es/onroll-novelda.json,20000,-767134,365
idk,onroll-priego-de-cordoba,37440517,onroll-priego-de-cordoba,http://api.citybik.es/onroll-priego-de-cordoba.json,20000,-4201188,366
Palencia,onroll-palencia,42005639,onroll-palencia,http://api.citybik.es/onroll-palencia.json,20000,-4527022,367
Puertollano,onroll-puertollano,38691396,onroll-puertollano,http://api.citybik.es/onroll-puertollano.json,20000,-4107794,368
Pinto,onroll-pinto,40245741,onroll-pinto,http://api.citybik.es/onroll-pinto.json,20000,-3698611,369
Puerto Lumbreras,onroll-puerto-lumbreras,37556652,onroll-puerto-lumbreras,http://api.citybik.es/onroll-puerto-lumbreras.json,20000,-1811508,370
Redondela,onroll-redondela,42299964,onroll-redondela,http://api.citybik.es/onroll-redondela.json,20000,-8615428,371
Segovia,onroll-segovia,40941941,onroll-segovia,http://api.citybik.es/onroll-segovia.json,20000,-4112396,372
Soria,onroll-soria,41763653,onroll-soria,http://api.citybik.es/onroll-soria.json,20000,-2467069,373
San Javier,onroll-san-javier,37783704,onroll-san-javier,http://api.citybik.es/onroll-san-javier.json,20000,-808097,374
Salamanca,onroll-salamanca,40966771,onroll-salamanca,http://api.citybik.es/onroll-salamanca.json,20000,-5665432,375
"Universidad de Granada, Granada",onroll-universidad-de-granada,37182438,onroll-universidad-de-granada,http://api.citybik.es/onroll-universidad-de-granada.json,20000,-3604219,376
idk,onroll-ubeda,38011463,onroll-ubeda,http://api.citybik.es/onroll-ubeda.json,20000,-3373276,377
Talavera de la Reina,onroll-talavera,39961829,onroll-talavera,http://api.citybik.es/onroll-talavera.json,20000,-4830319,378
San Pedro del Pinatar,onroll-san-pedro,37827578,onroll-san-pedro,http://api.citybik.es/onroll-san-pedro.json,20000,-783944,379
Sant Joan d'Alacant,onroll-sant-joan,38399839,onroll-sant-joan,http://api.citybik.es/onroll-sant-joan.json,20000,-434522,380
idk,onroll-vinaros,40468258,onroll-vinaros,http://api.citybik.es/onroll-vinaros.json,20000,466972,381
Noia - Portosin - Porto do Son,onroll-via-verde,42768127,onroll-via-verde,http://api.citybik.es/onroll-via-verde.json,20000,-8908513,382
Villaquilambre,onroll-villaquilambre,42642358,onroll-villaquilambre,http://api.citybik.es/onroll-villaquilambre.json,20000,-5535311,383
"El Paso, TX",elpaso,31761480,elpaso,http://api.citybik.es/elpaso.json,20000,-106485070,384
